{"cameraMode":{"drawMode":0,"name":"Shaded","section":"Shading Mode"},"sceneLighting":false,"audioPlay":false,"sceneViewState":{"showFog":true,"showMaterialUpdate":false,"showSkybox":false,"showFlares":true,"showImageEffects":true,"showParticleSystems":true,"showVisualEffectGraphs":true,"m_FxEnabled":true},"in2DMode":false,"pivot":{"x":-123.28253936767578,"y":141.94561767578126,"z":126.99745178222656},"rotation":{"x":0.07946857064962387,"y":-0.12304247170686722,"z":-0.009327317588031292,"w":-0.9892975091934204},"size":31.134992599487306,"orthographic":false}