{"cameraMode":{"drawMode":0,"name":"Shaded","section":"Shading Mode"},"sceneLighting":false,"audioPlay":false,"sceneViewState":{"showFog":true,"showMaterialUpdate":false,"showSkybox":false,"showFlares":true,"showImageEffects":true,"showParticleSystems":true,"showVisualEffectGraphs":true,"m_FxEnabled":true},"in2DMode":false,"pivot":{"x":-48.14915466308594,"y":131.91555786132813,"z":45.427024841308597},"rotation":{"x":-0.0006674948963336647,"y":0.7977715730667114,"z":0.0002326467219972983,"w":0.6031057238578796},"size":54.70045852661133,"orthographic":false}