{"cameraMode":{"drawMode":0,"name":"Shaded","section":"Shading Mode"},"sceneLighting":false,"audioPlay":false,"sceneViewState":{"showFog":true,"showMaterialUpdate":false,"showSkybox":false,"showFlares":true,"showImageEffects":true,"showParticleSystems":true,"showVisualEffectGraphs":true,"m_FxEnabled":true},"in2DMode":false,"pivot":{"x":-111.26458740234375,"y":123.27447509765625,"z":80.99217224121094},"rotation":{"x":0.007165872026234865,"y":-0.9886562824249268,"z":0.04685720428824425,"w":0.14342853426933289},"size":27.734661102294923,"orthographic":false}