{"cameraMode":{"drawMode":0,"name":"Shaded","section":"Shading Mode"},"sceneLighting":false,"audioPlay":false,"sceneViewState":{"showFog":true,"showMaterialUpdate":false,"showSkybox":false,"showFlares":true,"showImageEffects":true,"showParticleSystems":true,"showVisualEffectGraphs":true,"m_FxEnabled":true},"in2DMode":false,"pivot":{"x":-109.16143798828125,"y":116.87515258789063,"z":106.34369659423828},"rotation":{"x":0.007165872026234865,"y":-0.9886562824249268,"z":0.04685720428824425,"w":0.14342853426933289},"size":15.591805458068848,"orthographic":false}