{"cameraMode":{"drawMode":0,"name":"Shaded","section":"Shading Mode"},"sceneLighting":false,"audioPlay":false,"sceneViewState":{"showFog":true,"showMaterialUpdate":false,"showSkybox":false,"showFlares":true,"showImageEffects":true,"showParticleSystems":true,"showVisualEffectGraphs":true,"m_FxEnabled":true},"in2DMode":false,"pivot":{"x":-107.22225189208985,"y":128.73606872558595,"z":128.18858337402345},"rotation":{"x":0.0002848031581379473,"y":-0.9996936321258545,"z":-0.01110031083226204,"w":0.02709142491221428},"size":11.662507057189942,"orthographic":false}